CREATED,CREATORS,DESCRIPTIO,FEATURETYP,GEOCONTEXT,ID,LOCATIONPR,MODIFIED,PATH,REPRLAT,REPRLATLON,REPRLONG,TIMEPERIOD,TIMEPER_01,TIMEPER_02,TITLE,UID,AWMC_MOD,MAXDATE,MINDATE,AWMC_ID,BBOX,EXTENT,TAGS,PID,TYPE,AUTHORS,HASCONNECT,CONNECTSWI,longitude,latitude
,,"Ness of Brodgar is an archaeological site near Loch of Harray, Orkney. The site covers 2.5 hectares.",settlement,,"286881593",,,,58.9970361000,,-3.2148228000,"432",,,Ness of Brodgar,501623ab5631e4dfb5e6de83162e6432,"0",-1000.0000000000,-4000.0000000000,"170480",,,UWHS,,,"Becker, J.",,"89261",-3.2148228,58.9970361
,,A place from the TAVO Index,settlement,,"300354622",,,,55.0123397117,,-2.3376236396,EM,,,KilÄ«d Å«l-Baá¸¥reyn,9a802531ad7a5c7401436ff033374e3f,"0",2000.0000000000,1453.0000000000,"170513",,,,,,"Siewert-Mayer, B., W. RÃ¶llig, H. Kopp, E. Kansa, F. Deblauwe, S. Gillies",,,-2.33762363955,55.0123397117
,,A place from the TAVO Index,settlement,,"300354629",,,,55.0123397117,,-2.3376236396,M,,,Afak,0a022c8329a517c4898963768a374eb0,"0",2000.0000000000,1918.0000000000,"170520",,,,,,"Siewert-Mayer, B., W. RÃ¶llig, H. Kopp, E. Kansa, F. Deblauwe, S. Gillies",,,-2.33762363955,55.0123397117
2009-10-30T22:34:27Z,A.S. Esmonde Cleary,"An ancient place, cited: BAtlas 8 G3 Baldock",settlement,Baldock,"79311",precise,2012-10-20T21:29:25Z,/places/79311,51.9896420000,"51.989642,-0.188717",-0.1887170000,RL,"roman,late-antique","-30.0,640.0",Baldock,7b60dc87423a3cc888ab8a9cb4931949,"0",640.0000000000,-30.0000000000,"166323",,,"dare:major=0, dare:feature=settlement, dare:ancient=0","79311",settlement,"Esmonde Cleary, A., R. Warner, T. Elliott, R. Talbert, S. Gillies",,,-0.188717,51.989642
2009-10-30T22:36:33Z,A.S. Esmonde Cleary,"An ancient place, cited: BAtlas 8 G2 Durovigutum",settlement,Godmanchester,"79440",precise,2012-10-20T21:31:25Z,/places/79440,52.3193470000,"52.319347,-0.175077",-0.1750770000,RL,"roman,late-antique","-30.0,640.0",Durovigutum,405c49f10b82ac3e2352949e12f03290,"0",640.0000000000,-30.0000000000,"155903",,,"dare:ancient=1, dare:feature=settlement, dare:major=0","79440",settlement,"Esmonde Cleary, A., R. Warner, T. Elliott, R. Talbert, S. Gillies",,,-0.175077,52.319347
,,A place from the TAVO Index,settlement,,"735896021",,,,55.0123397117,,-2.3376236396,EOL,,,Tall á¸¤amÅ«kÄr,cf57d28f28b08345013cf7c0cf70dbf7,"0",-1000.0000000000,-2950.0000000000,"170502",,,,,,"Siewert-Mayer, B., W. RÃ¶llig, H. Kopp, E. Kansa, F. Deblauwe, S. Gillies",,,-2.33762363955,55.0123397117
2009-10-30T22:37:47Z,A.S. Esmonde Cleary,"An ancient place, cited: BAtlas 8 H2 Icklingham",settlement,Icklingham,"79525",precise,2012-10-20T21:32:53Z,/places/79525,52.3241040000,"52.324104,0.601859",0.6018590000,RL,"roman,late-antique","-30.0,640.0",Icklingham,ea92db6101d385b3e87c93265214f61b,"0",640.0000000000,-30.0000000000,"158141",,,"dare:major=0, dare:feature=settlement, dare:ancient=0","79525",settlement,"Esmonde Cleary, A., R. Warner, T. Elliott, R. Talbert, S. Gillies",,,0.601859,52.324104
2009-10-30T22:39:20Z,A.S. Esmonde Cleary,"An ancient place, cited: BAtlas 8 H3 Noviomagus",settlement,Crayford,"79623",precise,2012-10-20T21:35:25Z,/places/79623,51.4448650000,"51.444865,0.171434",0.1714340000,RL,"roman,late-antique","-30.0,640.0",Noviomagus,1288b9fda763d8218573d2153f5e0e14,"0",640.0000000000,-30.0000000000,"157564",,,"dare:ancient=1, dare:feature=settlement, dare:major=0","79623",settlement,"Esmonde Cleary, A., R. Talbert, R. Warner, J. Ãhlfeldt, S. Gillies, T. Elliott",,,0.171434,51.444865
2009-10-30T22:36:24Z,A.S. Esmonde Cleary,"An ancient place, cited: BAtlas 8 G2 Durobrivae",settlement,Chesterton/Water Newton,"79432",precise,2012-10-20T21:31:13Z,/places/79432,52.5589900000,"52.558990,-0.348210",-0.3482100000,RL,"roman,late-antique","-30.0,640.0",Durobrivae,7a4e8ea0e843fa993515526211688acc,"0",640.0000000000,-30.0000000000,"158137",,,"dare:ancient=1, dare:feature=settlement, dare:major=0","79432",settlement,"Esmonde Cleary, A., R. Talbert, R. Warner, J. Ãhlfeldt, S. Gillies, T. Elliott",,,-0.34821,52.55899
2009-10-30T22:36:00Z,A.S. Esmonde Cleary,"An ancient place, cited: BAtlas 8 F3 Cunetio",settlement,Mildenhall,"79409",precise,2012-10-20T21:30:52Z,/places/79409,51.4211200000,"51.421120,-1.730186",-1.7301860000,RL,"roman,late-antique","-30.0,640.0",Cunetio,33ab723bebbc92f04a68641887e4f2a4,"0",640.0000000000,-30.0000000000,"157195",,,"dare:ancient=1, dare:feature=settlement, dare:major=0","79409",settlement,"Esmonde Cleary, A., R. Warner, T. Elliott, R. Talbert, S. Gillies",,,-1.730186,51.42112
2009-10-30T22:34:21Z,A.S. Esmonde Cleary,"An ancient place, cited: BAtlas 8 E3 Ariconium",settlement,Weston-under-Penyard,"79302",precise,2012-10-20T21:29:23Z,/places/79302,51.9088790000,"51.908879,-2.528607",-2.5286065000,RL,"roman,late-antique","-30.0,640.0",Ariconium,b3700cda26eb68f534255d3d067bc0dc,"0",640.0000000000,-30.0000000000,"158126",,,"dare:ancient=1, dare:feature=settlement, dare:major=0","79302",settlement,"Esmonde Cleary, A., DARMC, R. Talbert, R. Warner, J. Ãhlfeldt, S. Gillies, T. Elliott",,,-2.5286065,51.908879
2009-10-30T22:34:58Z,A.S. Esmonde Cleary,"An ancient place, cited: BAtlas 8 H3 Braintree",settlement,Braintree,"79344",precise,2012-10-20T21:29:50Z,/places/79344,51.8807430000,"51.880743,0.557215",0.5572150000,RL,"roman,late-antique","-30.0,640.0",Braintree,7670bab1acb07a6c2e6b2a8816fdff76,"0",640.0000000000,-30.0000000000,"158129",,,"dare:major=0, dare:feature=settlement, dare:ancient=0","79344",settlement,"Esmonde Cleary, A., R. Warner, T. Elliott, R. Talbert, S. Gillies",,,0.557215,51.880743
2009-10-30T22:39:53Z,A.S. Esmonde Cleary,"An ancient place, cited: BAtlas 8 F2 Rocester",settlement,Rocester,"79658",precise,2012-10-20T21:35:47Z,/places/79658,52.9510120000,"52.951012,-1.835970",-1.8359700000,L,late-antique,"300.0,640.0",Rocester,c3c689bf58c2558e5f974e9463e4108c,"0",640.0000000000,300.0000000000,"157184",,,"dare:major=0, dare:feature=settlement, dare:ancient=0","79658",settlement,"Esmonde Cleary, A., R. Warner, T. Elliott, R. Talbert, S. Gillies",,,-1.83597,52.951012
2009-10-30T22:40:11Z,A.S. Esmonde Cleary,"An ancient place, cited: BAtlas 8 I2 Scole",settlement,Scole,"79675",precise,2012-10-20T21:36:01Z,/places/79675,52.3662760000,"52.366276,1.156407",1.1564070000,RL,"roman,late-antique","-30.0,640.0",Scole,2820ef5e11028d93f2c483f85f9e89b4,"0",640.0000000000,-30.0000000000,"157165",,,"dare:major=0, dare:feature=settlement, dare:ancient=0","79675",settlement,"Esmonde Cleary, A., R. Warner, T. Elliott, R. Talbert, S. Gillies",,,1.156407,52.366276
2009-10-30T22:40:24Z,A.S. Esmonde Cleary,"An ancient place, cited: BAtlas 8 G1 Sleaford",settlement,Sleaford,"79687",precise,2012-10-20T21:36:05Z,/places/79687,52.9991740000,"52.999174,-0.411026",-0.4110260000,RL,"roman,late-antique","-30.0,640.0",Sleaford,2eb44876ced5da4d64b6b14d4d8d1c18,"0",640.0000000000,-30.0000000000,"159167",,,"dare:major=0, dare:feature=settlement, dare:ancient=0","79687",settlement,"Esmonde Cleary, A., R. Warner, T. Elliott, R. Talbert, S. Gillies",,,-0.411026,52.999174
2009-10-30T22:35:24Z,A.S. Esmonde Cleary,"An ancient place, cited: BAtlas 8 H3 Canonium",settlement,Kelvedon,"79373",precise,2012-10-20T21:30:20Z,/places/79373,51.8391730000,"51.839173,0.703298",0.7032980000,RL,"roman,late-antique","-30.0,640.0",Canonium,44e3db9d00f4150958ea11b2f94212ac,"0",640.0000000000,-30.0000000000,"158131",,,"dare:ancient=1, dare:feature=settlement, dare:major=0","79373",settlement,"Esmonde Cleary, A., R. Warner, T. Elliott, R. Talbert, S. Gillies",,,0.703298,51.839173
2009-11-02T09:53:49Z,A.S. Esmonde Cleary,"An ancient place, cited: BAtlas 9 A5 Ballinrees",settlement,"Ballinrees, near Coleraine","89107",precise,2012-10-20T23:59:44Z,/places/89107,55.1077550000,"55.107755,-6.759740",-6.7597400000,L,late-antique,"300.0,640.0",Ballinrees,431ff8f690581374ee2e262b1b7c659d,"0",640.0000000000,300.0000000000,"159042",,,"dare:major=0, dare:feature=settlement, dare:ancient=0","89107",settlement,"Esmonde Cleary, A., R. Warner, T. Elliott, R. Talbert, S. Gillies",,,-6.75974,55.107755
2009-10-30T22:35:36Z,A.S. Esmonde Cleary,"An ancient place, cited: BAtlas 8 F2 Chesterton-on-Fosse",settlement,Chesterton-on-Fosse,"79385",precise,2012-10-20T21:30:31Z,/places/79385,52.2238010000,"52.223801,-1.487898",-1.4878980000,RL,"roman,late-antique","-30.0,640.0",Chesterton-on-Fosse,93468dc669a67591a5bf5abe01bf3a21,"0",640.0000000000,-30.0000000000,"162269",,,"dare:major=0, dare:feature=settlement, dare:ancient=0","79385",settlement,"Esmonde Cleary, A., R. Warner, T. Elliott, R. Talbert, S. Gillies",,,-1.487898,52.223801
2009-10-30T22:34:07Z,A.S. Esmonde Cleary,"An ancient place, cited: BAtlas 8 F3 Alchester",settlement,Alchester,"79289",precise,2012-10-20T21:29:10Z,/places/79289,51.8785090000,"51.878509,-1.173187",-1.1731870000,RL,"roman,late-antique","-30.0,640.0",Alchester,dd6353655bcc0eb77df98d7742c1a3ff,"0",640.0000000000,-30.0000000000,"134622",,,"dare:major=0, dare:feature=settlement, dare:ancient=0","79289",settlement,"Esmonde Cleary, A., R. Warner, T. Elliott, R. Talbert, S. Gillies",,,-1.173187,51.878509
,,A place from the TAVO Index,settlement,,"831377672",,,,55.0123397117,,-2.3376236396,AH1M,,,alÄlÄbÄd,fb829ccfffe1c5a5d21e9361821ded6a,"0",2000.0000000000,-540.0000000000,"170507",,,,,,"Siewert-Mayer, B., W. RÃ¶llig, H. Kopp, E. Kansa, F. Deblauwe, S. Gillies",,,-2.33762363955,55.0123397117
,,Modern day site of a Roman-British settlement dating from the 2nd to 4th centuries AD.,settlement,,"427880377",,,,52.4481560000,,-0.2761870000,RL,,,Sawtry,8fb9843fdef37584b300556025e94994,"0",640.0000000000,-30.0000000000,"169076",,,,,,"Vanderbilt, S.",,,-0.276187,52.448156
2009-10-30T22:38:53Z,A.S. Esmonde Cleary,"An ancient place, cited: BAtlas 8 G2 Margidunum",settlement,East Bridgford,"79595",precise,2012-10-20T21:34:58Z,/places/79595,52.9739905000,"52.973990,-0.963959",-0.9639585000,RL,"roman,late-antique","-30.0,640.0",Margidunum,5698a9ca523c0a21bbe87d13e4d7b6c4,"0",640.0000000000,-30.0000000000,"146135",,,"dare:ancient=1, dare:feature=settlement, dare:major=0","79595",settlement,"Esmonde Cleary, A., DARMC, R. Talbert, R. Warner, J. Ãhlfeldt, S. Gillies, T. Elliott",,,-0.9639585,52.9739905
,,A place from the TAVO Index,settlement,,"831377671",,,,55.0123397117,,-2.3376236396,LC,,,r Ê¿AbdÄ«n,0add96fc4654e0005ac923d486933fb3,"0",750.0000000000,300.0000000000,"170506",,,,,,"Siewert-Mayer, B., W. RÃ¶llig, H. Kopp, E. Kansa, F. Deblauwe, S. Gillies",,,-2.33762363955,55.0123397117
,,A place from the TAVO Index,settlement,,"300354631",,,,55.0123397117,,-2.3376236396,LOM,,,al-Kuwait,856de7a67c53e6ae34e64ee117c4dbaf,"0",2000.0000000000,1683.0000000000,"170498",,,,,,"Siewert-Mayer, B., W. RÃ¶llig, H. Kopp, E. Kansa, F. Deblauwe, S. Gillies",,,-2.33762363955,55.0123397117
,,A place from the TAVO Index,settlement,,"282851782",,,,55.0123397117,,-2.3376236396,TCS1E1OLCOM,,,aÊ¿da,9c8ca26bf04c0e17a1b29f52608c082f,"0",2000.0000000000,-1200.0000000000,"170509",,,,,,"Siewert-Mayer, B., W. RÃ¶llig, H. Kopp, E. Kansa, F. Deblauwe, S. Gillies",,,-2.33762363955,55.0123397117
2009-11-01T16:52:31Z,S. Loseby,Capital of the Volcae Arecomici and later a Roman colony,settlement,NÃ®mes,copy_of_148142,unlocated,2012-09-26T16:10:50Z,/places/copy_of_148142,54.9513400000,"54.951340,-2.605650",-2.6056500000,,,"-30.0,2100.0",Nemausus,60221be23107b620dba88a85116e4dda,"0",2100.0000000000,-30.0000000000,"142577",,,,copy_of_148142,settlement,,,,-2.60565,54.95134
2009-10-30T22:34:30Z,A.S. Esmonde Cleary,"An ancient place, cited: BAtlas 8 G1 Bannovallum",settlement,Horncastle,"79314",precise,2012-10-20T21:29:29Z,/places/79314,53.2080900000,"53.208090,-0.114724",-0.1147240000,RL,"roman,late-antique","-30.0,640.0",Bannovallum,d8793920ed304651e6bd39bcf4d24ec2,"0",640.0000000000,-30.0000000000,"162266",,,"dare:ancient=1, dare:feature=settlement, dare:major=0","79314",settlement,"Esmonde Cleary, A., R. Warner, T. Elliott, R. Talbert, S. Gillies",,,-0.114724,53.20809
2009-10-30T22:34:46Z,A.S. Esmonde Cleary,"An ancient place, cited: BAtlas 8 F4 Bitterne",settlement,Bitterne,"79331",precise,2012-10-20T21:29:41Z,/places/79331,50.9165760000,"50.916576,-1.370646",-1.3706460000,RL,"roman,late-antique","-30.0,640.0",Bitterne,2118ef0acb10876f9f5bdb5670311aab,"0",640.0000000000,-30.0000000000,"141882",,,"dare:major=0, dare:feature=settlement, dare:ancient=0","79331",settlement,"Esmonde Cleary, A., DARMC, R. Talbert, R. Warner, J. Ãhlfeldt, S. Gillies, T. Elliott",,,-1.370646,50.916576
2009-10-30T22:40:38Z,A.S. Esmonde Cleary,"An ancient place, cited: BAtlas 8 G3 Sulloniacis",settlement,Brockley Hill,"79701",precise,2012-10-20T21:36:16Z,/places/79701,51.6405520000,"51.640552,-0.315192",-0.3151920000,RL,"roman,late-antique","-30.0,640.0",Sulloniacis,7ee4b96ee20e9a533f4c630474010933,"0",640.0000000000,-30.0000000000,"162292",,,"dare:ancient=1, dare:feature=settlement, dare:major=0","79701",settlement,"Esmonde Cleary, A., R. Warner, T. Elliott, R. Talbert, S. Gillies",,,-0.315192,51.640552
2009-10-30T22:35:35Z,A.S. Esmonde Cleary,"An ancient place, cited: BAtlas 8 E1 Chesterton/Holditch",settlement,"Holditch, Chesterton","79384",precise,2012-10-20T21:30:31Z,/places/79384,53.0406900000,"53.040690,-2.253627",-2.2536270000,RL,"roman,late-antique","-30.0,640.0",Chesterton/Holditch,136a051096afe95dec5ed140f78a39d4,"0",640.0000000000,-30.0000000000,"162268",,,"dare:major=0, dare:feature=settlement, dare:ancient=0","79384",settlement,"Esmonde Cleary, A., R. Warner, T. Elliott, R. Talbert, S. Gillies",,,-2.253627,53.04069
2009-10-30T22:39:04Z,A.S. Esmonde Cleary,"An ancient place, cited: BAtlas 8 G3 Neatham",settlement,Neatham,"79606",precise,2012-10-20T21:35:07Z,/places/79606,51.1508070000,"51.150807,-0.975239",-0.9752390000,RL,"roman,late-antique","-30.0,640.0",Neatham,a6802ab6c05d9d7a21af6bbe0b766070,"0",640.0000000000,-30.0000000000,"162289",,,"dare:major=0, dare:feature=settlement, dare:ancient=0","79606",settlement,"Esmonde Cleary, A., R. Warner, T. Elliott, R. Talbert, S. Gillies",,,-0.975239,51.150807
2009-10-30T22:39:31Z,A.S. Esmonde Cleary,"An ancient place, cited: BAtlas 8 G1 Owmby",settlement,Owmby,"79633",precise,2012-10-20T21:35:29Z,/places/79633,53.3742910000,"53.374291,-0.498618",-0.4986180000,RL,"roman,late-antique","-30.0,640.0",Owmby,9c9d6f240418621408009257406cc76a,"0",640.0000000000,-30.0000000000,"162291",,,"dare:major=0, dare:feature=settlement, dare:ancient=0","79633",settlement,"Esmonde Cleary, A., R. Warner, T. Elliott, R. Talbert, S. Gillies",,,-0.498618,53.374291
,,A place from the TAVO Index,settlement,,"534964139",,,,55.0123397117,,-2.3376236396,CUE,,,Tall ZiyÄda,f9914721ef29495483f87fa904dfafe7,"0",-2350.0000000000,-6200.0000000000,"170510",,,,,,"Siewert-Mayer, B., W. RÃ¶llig, H. Kopp, E. Kansa, F. Deblauwe, S. Gillies",,,-2.33762363955,55.0123397117
2009-10-30T22:34:02Z,A.S. Esmonde Cleary,"An ancient place, cited: BAtlas 8 H3 Ad Ansam",settlement,Higham,"79283",precise,2012-10-20T21:29:03Z,/places/79283,51.8898300000,"51.889830,0.901227",0.9012270000,RL,"roman,late-antique","-30.0,640.0",Ad Ansam,d7d6d62acd00616f1c253227db413b14,"0",640.0000000000,-30.0000000000,"163145",,,"dare:ancient=1, dare:feature=settlement, dare:major=0","79283",settlement,"Esmonde Cleary, A., R. Warner, T. Elliott, R. Talbert, S. Gillies",,,0.901227,51.88983
2009-10-30T22:39:01Z,A.S. Esmonde Cleary,*Moridunum (Carmarthen) was the civitas capital of the Demetae in Roman Wales.,settlement,Carmarthen,"79602",precise,2012-10-23T15:38:18Z,/places/79602,51.8621000000,"51.859253,-4.303471",-4.2964000000,RL,"roman,late-antique","-30.0,640.0",*Moridunum,5f08c4b2abe4191c2cb1e0c7bf9b739f,"0",640.0000000000,-30.0000000000,"164385",,,"dare:ancient=1, dare:major=1, dare:feature=major settlement","79602",settlement,"Esmonde Cleary, A., DARMC, R. Talbert, R. Warner, J. Ãhlfeldt, J. Becker, S. Gillies, T. Elliott",,,-4.2964,51.8621
2009-10-30T22:34:29Z,A.S. Esmonde Cleary,"An ancient place, cited: BAtlas 8 F2 Bannaventa",settlement,Whilton Lodge,"79313",precise,2012-10-20T21:29:29Z,/places/79313,52.2763520000,"52.276352,-1.085587",-1.0855870000,RL,"roman,late-antique","-30.0,640.0",Bannaventa,6e58a4e6e303ee7a9634053a603d33ae,"0",640.0000000000,-30.0000000000,"164371",,,"dare:ancient=1, dare:feature=settlement, dare:major=0","79313",settlement,"Esmonde Cleary, A., DARMC, R. Talbert, R. Warner, J. Ãhlfeldt, S. Gillies, T. Elliott",,,-1.085587,52.276352
2009-10-30T22:35:44Z,A.S. Esmonde Cleary,"Col. Camulodunum (Colchester) was the pre-Roman capital of the Trinovantes; it received a Roman city after the annexation of Britannia.",settlement,Colchester,"79393",precise,2012-10-23T15:38:07Z,/places/79393,51.8900740264,"51.890365,0.900866",0.9010877627,RM,"roman,late-antique,modern","-30.0,2100.0",Col. Camulodunum,94d49f2267d49ab9158a4543beedc2ee,"0",2100.0000000000,-30.0000000000,"165263",,,"dare:ancient=1, dare:major=1, dare:feature=major settlement","79393",settlement,"Esmonde Cleary, A., DARMC, R. Talbert, R. Warner, J. Becker, D. Mimno, S. Vanderbilt, S. Gillies, T. Elliott",,,0.901087762674,51.8900740264
2009-10-30T22:36:10Z,A.S. Esmonde Cleary,"An ancient place, cited: BAtlas 8 F2 Derbentio",settlement,Little Chester,"79419",precise,2012-10-20T21:30:59Z,/places/79419,52.9368700000,"52.936870,-1.476180",-1.4761800000,L,late-antique,"300.0,640.0",Derbentio,83fe61da117dd419478016d21dec6ba6,"0",640.0000000000,300.0000000000,"165202",,,"dare:ancient=1, dare:feature=settlement, dare:major=0","79419",settlement,"Esmonde Cleary, A., DARMC, R. Talbert, R. Warner, J. Ãhlfeldt, S. Gillies, T. Elliott",,,-1.47618,52.93687
2010-09-22T20:44:15Z,"A. Bursche, R. Warner","An ancient place, cited: BAtlas 2 B3 Balline",settlement,"Balline, IRE","20406",precise,2012-10-23T20:42:19Z,/places/20406,52.3979810000,"52.397981,-8.457122",-8.4571220000,L,late-antique,"300.0,640.0",Balline,30e503a8529fb06e180e652c6dcb0336,"0",640.0000000000,300.0000000000,"164857",,,"dare:major=0, dare:ancient=0, dare:feature=settlement","20406",settlement,"Warner, R., A. Bursche, DARMC, R. Talbert, J. Becker, S. Gillies, T. Elliott",,"20487",-8.457122,52.397981
2009-10-30T22:37:14Z,A.S. Esmonde Cleary,"An ancient place, cited: BAtlas 8 G2 Great Casterton",settlement,Great Casterton,"79487",precise,2012-10-20T21:31:57Z,/places/79487,52.6704230000,"52.670423,-0.522675",-0.5226750000,RL,"roman,late-antique","-30.0,640.0",Great Casterton,3701b98dbbd3fbbd32d05cf7bf529fed,"0",640.0000000000,-30.0000000000,"164380",,,"dare:major=0, dare:feature=settlement, dare:ancient=0","79487",settlement,"Esmonde Cleary, A., R. Warner, T. Elliott, R. Talbert, S. Gillies",,,-0.522675,52.670423
2009-10-30T22:37:34Z,A.S. Esmonde Cleary,Site of Romano-British settlement or small town,settlement,Heronbridge,"79509",precise,2012-10-20T21:32:15Z,/places/79509,53.1689641004,"53.170901,-2.883706",-2.8833185879,RL,"roman,late-antique","-30.0,640.0",Heronbridge,e7aab2b86e12e41eb6287805099b1a68,"0",640.0000000000,-30.0000000000,"164381",,,"dare:major=0, dare:ancient=0, dare:feature=settlement","79509",settlement,"Esmonde Cleary, A., DARMC, R. Talbert, R. Warner, S. Vanderbilt, S. Gillies, T. Elliott",,,-2.88331858794,53.1689641004
2009-11-02T09:55:07Z,A.S. Esmonde Cleary,"The site of a Roman legionary fortress, municipium, and colonia at modern day York, cited: BAtlas 9 F7 Eburacum",settlement,settlement and fort at York,"89175",precise,2012-10-23T15:44:50Z,/places/89175,53.9590529497,"53.959300,-1.085016",-1.0855115017,RL,"roman,late-antique","-30.0,640.0",Eburacum,04215573afd3a95afc50fd83ce2356be,"0",640.0000000000,-30.0000000000,"163443",,,"dare:ancient=1, dare:major=1, dare:feature=major settlement","89175",settlement,"Esmonde Cleary, A., DARMC, R. Talbert, R. Warner, S. Vanderbilt, S. Gillies, T. Elliott","82519025,203193875","82519025,203193875",-1.08551150171,53.9590529497
2009-10-30T22:38:51Z,A.S. Esmonde Cleary,"An ancient place, cited: BAtlas 8 F2 Manduessedum",settlement,Mancetter,"79592",precise,2012-10-20T21:34:56Z,/places/79592,52.5668980000,"52.566898,-1.529255",-1.5292550000,RL,"roman,late-antique","-30.0,640.0",Manduessedum,46f03ab0a388f9b609e4ae32de999920,"0",640.0000000000,-30.0000000000,"133477",,,"dare:ancient=1, dare:feature=settlement, dare:major=0","79592",settlement,"Esmonde Cleary, A., DARMC, R. Talbert, R. Warner, J. Ãhlfeldt, S. Gillies, T. Elliott",,,-1.529255,52.566898
2009-10-30T22:40:06Z,A.S. Esmonde Cleary,"An ancient place, cited: BAtlas 8 G2 Sandy",settlement,Sandy,"79670",precise,2012-10-20T21:35:57Z,/places/79670,52.1297750000,"52.129775,-0.289982",-0.2899820000,RL,"roman,late-antique","-30.0,640.0",Sandy,3a45f8b8078f0d64e91182535db33943,"0",640.0000000000,-30.0000000000,"133479",,,"dare:major=0, dare:feature=settlement, dare:ancient=0","79670",settlement,"Esmonde Cleary, A., R. Warner, T. Elliott, R. Talbert, S. Gillies",,,-0.289982,52.129775
2009-10-30T22:36:25Z,A.S. Esmonde Cleary,"An ancient place, cited: BAtlas 8 H3 Durobrivae",settlement,Rochester,"79433",precise,2012-10-20T21:31:15Z,/places/79433,51.3895170009,"51.389777,0.502083",0.5030957130,CRLM,"classical,roman,late-antique,modern","-550.0,2100.0",Durobrivae,9bd22be7594cc1209056c1280023a68d,"0",2100.0000000000,-550.0000000000,"133462",,,"dare:ancient=1, dare:feature=settlement, dare:major=0","79433",settlement,"Esmonde Cleary, A., DARMC, R. Talbert, R. Warner, J. Ãhlfeldt, J. Becker, D. Mimno, S. Vanderbilt, S. Gillies, T. Elliott",,"203193875",0.503095712981,51.3895170009
2009-10-30T22:37:26Z,A.S. Esmonde Cleary,"An ancient place, cited: BAtlas 8 G4 Hardham",settlement,Hardham,"79501",precise,2012-10-20T21:32:09Z,/places/79501,50.9485530000,"50.948553,-0.524900",-0.5249000000,RL,"roman,late-antique","-30.0,640.0",Hardham,79561a185cc755eebea305d71c33c82b,"0",640.0000000000,-30.0000000000,"133467",,,"dare:major=0, dare:feature=settlement, dare:ancient=0","79501",settlement,"Esmonde Cleary, A., R. Warner, T. Elliott, R. Talbert, S. Gillies",,,-0.5249,50.948553
2009-10-30T22:38:22Z,A.S. Esmonde Cleary,"An ancient place, cited: BAtlas 8 F3 *Leucomagus",settlement,East Anton,"79562",precise,2012-10-20T21:33:25Z,/places/79562,51.2257950000,"51.225795,-1.470378",-1.4703780000,RL,"roman,late-antique","-30.0,640.0",*Leucomagus,2eb3baf35d7d20226714245ddaa558df,"0",640.0000000000,-30.0000000000,"133469",,,"dare:ancient=1, dare:feature=settlement, dare:major=0","79562",settlement,"Esmonde Cleary, A., DARMC, R. Talbert, R. Warner, J. Ãhlfeldt, S. Gillies, T. Elliott",,,-1.470378,51.225795
2009-10-30T22:41:06Z,A.S. Esmonde Cleary,"An ancient place, cited: BAtlas 8 H3 Vagniacis",settlement,Springhead,"79729",precise,2012-10-20T21:36:32Z,/places/79729,51.4319430000,"51.431943,0.322311",0.3223110000,RL,"roman,late-antique","-30.0,640.0",Vagniacis,87c06ad74d44257e65c06ddb83babb42,"0",640.0000000000,-30.0000000000,"147512",,,"dare:ancient=1, dare:feature=settlement, dare:major=0","79729",settlement,"Esmonde Cleary, A., R. Warner, T. Elliott, R. Talbert, S. Gillies",,,0.322311,51.431943
2009-10-30T22:41:11Z,A.S. Esmonde Cleary,"An ancient place, cited: BAtlas 8 E3 Venta",settlement,Caerwent,"79733",precise,2012-10-23T15:38:19Z,/places/79733,51.6111200000,"51.611120,-2.768044",-2.7680440000,RL,"roman,late-antique","-30.0,640.0",Venta,5af6bd9993ccc485cc5c8ba927299a82,"0",640.0000000000,-30.0000000000,"147513",,,"dare:ancient=1, dare:major=1, dare:feature=major settlement","79733",settlement,"Esmonde Cleary, A., DARMC, R. Talbert, R. Warner, J. Ãhlfeldt, J. User, S. Gillies, T. Elliott",,,-2.768044,51.61112
2009-10-30T22:34:50Z,A.S. Esmonde Cleary,"An ancient place, cited: BAtlas 8 D3 âBomioâ",settlement,Cowbridge,"79335",precise,2012-10-20T21:29:46Z,/places/79335,51.4617000000,"51.461709,-3.447355",-3.4473000000,RL,"roman,late-antique","-30.0,640.0",Bomioâ,b8a169ca1fe387c970b3263a4ef2d87f,"0",640.0000000000,-30.0000000000,"133456",,,"dare:ancient=1, dare:feature=settlement, dare:major=0","79335",settlement,"Esmonde Cleary, A., DARMC, R. Talbert, R. Warner, J. Ãhlfeldt, J. Becker, S. Gillies, T. Elliott",,,-3.4473,51.4617
,,A place from the TAVO Index,settlement,,"300354625",,,,55.0123397117,,-2.3376236396,MN,,,Ura,ca18f84a033d38d354ecca21549ad759,"0",-540.0000000000,-1450.0000000000,"170516",,,,,,"Siewert-Mayer, B., W. RÃ¶llig, H. Kopp, E. Kansa, F. Deblauwe, S. Gillies",,,-2.33762363955,55.0123397117
,,Modern day site of a Romano-British settlement in Wiltshire dating from 1st to 4th centuries AD.,settlement,,"305841385",,,,51.6432310000,,-1.8567990000,RL,,,Cricklade,f7a6317b76c5bae78799e1efe5f17a7f,"0",640.0000000000,-30.0000000000,"169075",,,,,,"Vanderbilt, S.",,,-1.856799,51.643231
2009-10-30T22:40:05Z,A.S. Esmonde Cleary,"An ancient place, cited: BAtlas 8 E2 Salinae",settlement,Droitwich,"79668",precise,2012-10-20T21:35:56Z,/places/79668,52.2681060000,"52.268106,-2.153713",-2.1537130000,RL,"roman,late-antique","-30.0,640.0",Salinae,fb2da21f19999c188af7dc05b42e7534,"0",640.0000000000,-30.0000000000,"151635",,,"dare:ancient=1, dare:feature=settlement, dare:major=0","79668",settlement,"Esmonde Cleary, A., R. Warner, T. Elliott, R. Talbert, S. Gillies",,,-2.153713,52.268106
2009-10-30T22:34:23Z,A.S. Esmonde Cleary,"An ancient place, cited: BAtlas 8 G2 Ashton",settlement,Ashton,"79304",precise,2012-10-20T21:29:24Z,/places/79304,52.4822500000,"52.482250,-0.447624",-0.4476240000,RL,"roman,late-antique","-30.0,640.0",Ashton,b793ba0795acb6e30000cce9b90ec8f4,"0",640.0000000000,-30.0000000000,"134623",,,"dare:major=0, dare:feature=settlement, dare:ancient=0","79304",settlement,"Esmonde Cleary, A., R. Warner, T. Elliott, R. Talbert, S. Gillies",,,-0.447624,52.48225
2009-10-30T22:34:48Z,A.S. Esmonde Cleary,"An ancient place, cited: BAtlas 8 E3 Blestium",settlement,Monmouth,"79333",precise,2012-10-20T21:29:43Z,/places/79333,51.8142320000,"51.814232,-2.712896",-2.7128960000,RL,"roman,late-antique","-30.0,640.0",Blestium,22e218dd0c6514cba67b07059eca5eb5,"0",640.0000000000,-30.0000000000,"134624",,,"dare:ancient=1, dare:feature=settlement, dare:major=0","79333",settlement,"Esmonde Cleary, A., R. Warner, T. Elliott, R. Talbert, S. Gillies",,,-2.712896,51.814232
2009-10-30T22:35:17Z,A.S. Esmonde Cleary,"An ancient place, cited: BAtlas 8 H3 Caesaromagus",settlement,Chelmsford,"79364",precise,2012-10-20T21:30:10Z,/places/79364,51.7358930000,"51.735893,0.469629",0.4696290000,RL,"roman,late-antique","-30.0,640.0",Caesaromagus,ec71fd75cd49095712c12283a5dfb471,"0",640.0000000000,-30.0000000000,"134626",,,"dare:ancient=1, dare:feature=settlement, dare:major=0","79364",settlement,"Esmonde Cleary, A., R. Warner, T. Elliott, R. Talbert, S. Gillies",,,0.469629,51.735893
2009-10-30T22:35:33Z,A.S. Esmonde Cleary,"An ancient place, cited: BAtlas 8 G2 Causennis?",settlement,Saltersford,"79382",precise,2012-10-20T21:30:28Z,/places/79382,52.8973990000,"52.897399,-0.578019",-0.5780190000,RL,"roman,late-antique","-30.0,640.0",Causennis?,fb3b1deed70912e265cf1956603f7da9,"0",640.0000000000,-30.0000000000,"134627",,,"dare:ancient=1, dare:feature=settlement, dare:major=0","79382",settlement,"Esmonde Cleary, A., R. Warner, T. Elliott, R. Talbert, S. Gillies",,,-0.578019,52.897399
2009-10-30T22:36:16Z,A.S. Esmonde Cleary,"An ancient place, cited: BAtlas 8 F2 Dorn",settlement,Dorn,"79425",precise,2012-10-20T21:31:04Z,/places/79425,51.9893770000,"51.989377,-1.703407",-1.7034070000,RL,"roman,late-antique","-30.0,640.0",Dorn,b2eadb32c21b9fe13a5318fe12386065,"0",640.0000000000,-30.0000000000,"151620",,,"dare:major=0, dare:feature=settlement, dare:ancient=0","79425",settlement,"Esmonde Cleary, A., R. Warner, T. Elliott, R. Talbert, S. Gillies",,,-1.703407,51.989377
2009-10-30T22:36:23Z,A.S. Esmonde Cleary,"An ancient place, cited: BAtlas 8 E4 Durno(no)varia",settlement,Dorchester,"79431",precise,2012-10-23T15:38:11Z,/places/79431,50.7080190000,"50.709284,-2.437165",-2.4402640000,RL,"roman,late-antique","-30.0,640.0",Durno(no)varia,a823da2c921aaac53cfe50e43b09a386,"0",640.0000000000,-30.0000000000,"134628",,,"dare:ancient=1, dare:major=1, dare:feature=major settlement","79431",settlement,"Esmonde Cleary, A., DARMC, R. Talbert, R. Warner, J. Ãhlfeldt, J. Becker, S. Gillies, T. Elliott",,,-2.440264,50.708019
2009-10-30T22:38:18Z,A.S. Esmonde Cleary,*Letocetum was an important military  post near the junction of Watling Street and Icknield Street.,settlement,Wall,"79559",precise,2012-10-20T21:33:21Z,/places/79559,52.6569000000,"52.656354,-1.853758",-1.8565000000,RL,"roman,late-antique","-30.0,640.0",*Letocetum,1dca298ba781184b372a0448a919b855,"0",640.0000000000,-30.0000000000,"134634",,,"dare:ancient=1, dare:feature=settlement, dare:major=0","79559",settlement,"Esmonde Cleary, A., DARMC, R. Talbert, R. Warner, J. Ãhlfeldt, J. Becker, S. Gillies, T. Elliott",,"491855883",-1.8565,52.6569
2009-10-30T22:41:13Z,A.S. Esmonde Cleary,"An ancient place, cited: BAtlas 8 I2 Venta",settlement,Caistor-by-Norwich,"79735",precise,2012-10-23T15:38:20Z,/places/79735,52.5835000000,"52.583500,1.290900",1.2909000000,RRL,"roman,late-antique","-30.0,640.0",Venta,1eb950f7efff6b626245fc63b9183c9e,"0",640.0000000000,-30.0000000000,"135430",,,"dare:ancient=1, dare:major=1, dare:feature=major settlement","79735",settlement,"Esmonde Cleary, A., R. Talbert, R. Warner, J. Ãhlfeldt, S. Vanderbilt, S. Gillies, T. Elliott",,,1.2909,52.5835
,,A place from the TAVO Index,settlement,,"300354623",,,,55.0123397117,,-2.3376236396,A,,,Warka Survey,08d3be11513bb5a24bbdc445689e688a,"0",-2000.0000000000,-2335.0000000000,"170514",,,,,,"Siewert-Mayer, B., W. RÃ¶llig, H. Kopp, E. Kansa, F. Deblauwe, S. Gillies",,,-2.33762363955,55.0123397117
,,Site of a small Romano-British settlement,settlement,,"285857973",,,,53.8658430000,,-1.5795120000,RL,,,Adel,a49a8bbb2504df77f4615bd5c51906f1,"0",640.0000000000,-30.0000000000,"169072",,,,,,"Vanderbilt, S.",,,-1.579512,53.865843
,,A place from the TAVO Index,settlement,,"300354628",,,,55.0123397117,,-2.3376236396,EOM,,,Tall MÅ«zÄn,56bb5991c693806268df2e27b000d53e,"0",-1450.0000000000,-2950.0000000000,"170519",,,,,,"Siewert-Mayer, B., W. RÃ¶llig, H. Kopp, E. Kansa, F. Deblauwe, S. Gillies",,,-2.33762363955,55.0123397117
2009-10-30T22:34:59Z,A.S. Esmonde Cleary,"An ancient place, cited: BAtlas 8 I2 Brampton",settlement,Brampton,"79345",precise,2012-10-20T21:29:51Z,/places/79345,52.7729820000,"52.772982,1.289927",1.2899270000,RL,"roman,late-antique","-30.0,640.0",Brampton,0dff16cb7c22c394837abd7a4e931987,"0",640.0000000000,-30.0000000000,"135598",,,"dare:major=0, dare:ancient=0, dare:feature=settlement","79345",settlement,"Esmonde Cleary, A., DARMC, R. Talbert, R. Warner, J. Becker, S. Gillies, T. Elliott",,"506349985",1.289927,52.772982
2009-10-30T22:35:51Z,A.S. Esmonde Cleary,"An ancient place, cited: BAtlas 8 E1 Condate",settlement,Northwich,"79400",precise,2012-10-20T21:30:46Z,/places/79400,53.2594230000,"53.259423,-2.517363",-2.5173630000,RL,"roman,late-antique","-30.0,640.0",Condate,46b186e6add57892abb9d9be0f2c4074,"0",640.0000000000,-30.0000000000,"137245",,,"dare:ancient=1, dare:feature=settlement, dare:major=0","79400",settlement,"Esmonde Cleary, A., R. Talbert, R. Warner, J. Ãhlfeldt, S. Gillies, T. Elliott",,,-2.517363,53.259423
2009-10-30T22:36:18Z,A.S. Esmonde Cleary,"An ancient place, cited: BAtlas 8 G1 Dragonby",settlement,Dragonby,"79427",precise,2012-10-20T21:31:05Z,/places/79427,53.6153990000,"53.615399,-0.634702",-0.6347020000,RL,"roman,late-antique","-30.0,640.0",Dragonby,c6d9d82bd2d65b1f1b678558cd03a7bd,"0",640.0000000000,-30.0000000000,"137246",,,"dare:major=0, dare:feature=settlement, dare:ancient=0","79427",settlement,"Esmonde Cleary, A., R. Warner, T. Elliott, R. Talbert, S. Gillies",,,-0.634702,53.615399
2009-10-30T22:36:47Z,A.S. Esmonde Cleary,"An ancient place, cited: BAtlas 8 G3 Ewell",settlement,Ewell,"79455",precise,2012-10-20T21:31:32Z,/places/79455,51.3503070000,"51.350307,-0.249991",-0.2499910000,RL,"roman,late-antique","-30.0,640.0",Ewell,1027c3921cedf3064ac2a38b1d5b0032,"0",640.0000000000,-30.0000000000,"135867",,,"dare:major=0, dare:feature=settlement, dare:ancient=0","79455",settlement,"Esmonde Cleary, A., R. Warner, T. Elliott, R. Talbert, S. Gillies",,,-0.249991,51.350307
2009-10-30T22:38:11Z,A.S. Esmonde Cleary,"An ancient place, cited: BAtlas 8 G2 Lactodorum",settlement,Towcester,"79552",precise,2012-10-20T21:33:12Z,/places/79552,52.1314830000,"52.131483,-0.988731",-0.9887305000,RL,"roman,late-antique","-30.0,640.0",Lactodorum,7b34ecb3e1a9d445fa2b38d09235404f,"0",640.0000000000,-30.0000000000,"135870",,,"dare:ancient=1, dare:feature=settlement, dare:major=0","79552",settlement,"Esmonde Cleary, A., DARMC, R. Talbert, R. Warner, J. Ãhlfeldt, S. Gillies, T. Elliott",,,-0.9887305,52.131483
2009-10-30T22:35:31Z,A.S. Esmonde Cleary,"An ancient place, cited: BAtlas 8 E3 Catsgore",settlement,Catsgore,"79380",precise,2012-10-20T21:30:27Z,/places/79380,51.0319340000,"51.031934,-2.706189",-2.7061890000,RL,"roman,late-antique","-30.0,640.0",Catsgore,a2cf331afb20d938f22d6bdfa750b034,"0",640.0000000000,-30.0000000000,"135864",,,"dare:major=0, dare:feature=settlement, dare:ancient=0","79380",settlement,"Esmonde Cleary, A., R. Warner, T. Elliott, R. Talbert, S. Gillies",,,-2.706189,51.031934
2009-10-30T22:34:52Z,A.S. Esmonde Cleary,"An ancient place, cited: BAtlas 8 G2 Bourne",settlement,Bourne,"79338",precise,2012-10-20T21:29:46Z,/places/79338,52.7681390000,"52.768139,-0.377168",-0.3771680000,RL,"roman,late-antique","-30.0,640.0",Bourne,0b367d6a77094a9993fc5b804325667a,"0",640.0000000000,-30.0000000000,"135863",,,"dare:major=0, dare:feature=settlement, dare:ancient=0","79338",settlement,"Esmonde Cleary, A., R. Warner, T. Elliott, R. Talbert, S. Gillies",,,-0.377168,52.768139
,,A place from the TAVO Index,settlement,,"300354630",,,,55.0123397117,,-2.3376236396,ASSK1IMT1SLOM,,,SabzevÄr,1d294ae24ab5d0d8a0c74d0150729164,"0",2000.0000000000,-1200.0000000000,"170497",,,,,,"Siewert-Mayer, B., W. RÃ¶llig, H. Kopp, E. Kansa, F. Deblauwe, S. Gillies",,,-2.33762363955,55.0123397117
2009-10-30T22:34:03Z,A.S. Esmonde Cleary,"An ancient place, cited: BAtlas 8 G1 Ad Pontem",settlement,Thorpe-by-Newark,"79285",precise,2012-10-20T21:29:06Z,/places/79285,53.0420210000,"53.042021,-0.882816",-0.8828160000,RL,"roman,late-antique","-30.0,640.0",Ad Pontem,ad008a8076e23f1edddfd242594870d0,"0",640.0000000000,-30.0000000000,"138085",,,"dare:ancient=1, dare:feature=settlement, dare:major=0","79285",settlement,"Esmonde Cleary, A., R. Talbert, R. Warner, J. Ãhlfeldt, S. Gillies, T. Elliott",,,-0.882816,53.042021
2009-10-30T22:40:13Z,A.S. Esmonde Cleary,"An ancient place, cited: BAtlas 8 G1 Segelocum",settlement,Littleborough,"79677",precise,2012-10-20T21:36:02Z,/places/79677,53.3336680000,"53.333668,-0.761772",-0.7617720000,RL,"roman,late-antique","-30.0,640.0",Segelocum,818449db438ded216d79b3267bcd6c54,"0",640.0000000000,-30.0000000000,"138115",,,"dare:ancient=1, dare:feature=settlement, dare:major=0","79677",settlement,"Esmonde Cleary, A., R. Warner, T. Elliott, R. Talbert, S. Gillies",,,-0.761772,53.333668
2009-10-30T22:40:29Z,A.S. Esmonde Cleary,"An ancient place, cited: BAtlas 8 F3 Spinis",settlement,Speen,"79692",precise,2012-10-20T21:36:09Z,/places/79692,51.4119620000,"51.411962,-1.343928",-1.3439280000,RL,"roman,late-antique","-30.0,640.0",Spinis,e27c186388d3bcba2cba70666eb1ec16,"0",640.0000000000,-30.0000000000,"138713",,,"dare:ancient=1, dare:feature=settlement, dare:major=0","79692",settlement,"Esmonde Cleary, A., R. Warner, T. Elliott, R. Talbert, S. Gillies",,,-1.343928,51.411962
2009-10-30T22:35:19Z,A.S. Esmonde Cleary,"An ancient place, cited: BAtlas 8 G1 Caistor",settlement,Caistor,"79366",precise,2012-10-20T21:30:13Z,/places/79366,53.4971470000,"53.497147,-0.315336",-0.3153360000,RL,"roman,late-antique","-30.0,640.0",Caistor,5fcfba3152d211cdcc182f147a562056,"0",640.0000000000,-30.0000000000,"137350",,,"dare:major=0, dare:feature=settlement, dare:ancient=0","79366",settlement,"Esmonde Cleary, A., R. Warner, T. Elliott, R. Talbert, S. Gillies",,,-0.315336,53.497147
2009-10-30T22:35:20Z,A.S. Esmonde Cleary,Calleva Atrebatum (known as Silchester Roman Town) was an Iron Age oppidum and Roman town in  Britannia. It was the civitas capital of the Atrebates tribe.,settlement,Silchester,"79368",precise,2012-10-23T15:38:07Z,/places/79368,51.3572220000,"51.355460,-1.091519",-1.0825000000,RLM,"roman,late-antique","-30.0,640.0",Calleva,395e8990abb82645ac3c5dd6b78715a7,"0",2100.0000000000,-30.0000000000,"138087",,,"dare:ancient=1, dare:major=1, dare:feature=major settlement","79368",settlement,"Esmonde Cleary, A., DARMC, R. Talbert, R. Warner, J. Ãhlfeldt, J. Becker, S. Gillies, T. Elliott",,"79306",-1.0825,51.357222
2009-10-30T22:35:58Z,A.S. Esmonde Cleary,"An ancient place, cited: BAtlas 8 G1 Crococalana",settlement,Brough,"79407",precise,2012-10-20T21:30:51Z,/places/79407,53.1187100000,"53.118710,-0.747250",-0.7472505000,RL,"roman,late-antique","-30.0,640.0",Crococalana,c462d8831bf1ab32ebdc81bb2112979b,"0",640.0000000000,-30.0000000000,"138089",,,"dare:ancient=1, dare:feature=settlement, dare:major=0","79407",settlement,"Esmonde Cleary, A., DARMC, R. Talbert, R. Warner, J. Ãhlfeldt, S. Gillies, T. Elliott",,,-0.7472505,53.11871
2009-10-30T22:34:06Z,A.S. Esmonde Cleary,"An ancient place, cited: BAtlas 8 F2 Alauna?",settlement,Alcester,"79288",precise,2012-10-20T21:29:09Z,/places/79288,52.2457720000,"52.245772,-1.885446",-1.8854460000,RL,"roman,late-antique","-30.0,640.0",Alauna?,24b95aa6e931306b90e9efa641bd8ffd,"0",640.0000000000,-30.0000000000,"162945",,,"dare:ancient=1, dare:feature=settlement, dare:major=0","79288",settlement,"Esmonde Cleary, A., DARMC, R. Talbert, R. Warner, J. Becker, S. Gillies, T. Elliott",,"973041325",-1.885446,52.245772
,,A place from the TAVO Index,settlement,,"816619466",,,,55.0123397117,,-2.3376236396,A,,,Eridu Ur Survey,839257b268e54fa0056702c7ce2a73fe,"0",-2000.0000000000,-2335.0000000000,"170503",,,,,,"Siewert-Mayer, B., W. RÃ¶llig, H. Kopp, E. Kansa, F. Deblauwe, S. Gillies",,,-2.33762363955,55.0123397117
,,A place from the TAVO Index,settlement,,"300354621",,,,55.0123397117,,-2.3376236396,CE,,,Tall MalÊ¿abÄ«ya,16f92e1d58c2538211ac9580d2f60917,"0",-2350.0000000000,-6200.0000000000,"170512",,,,,,"Siewert-Mayer, B., W. RÃ¶llig, H. Kopp, E. Kansa, F. Deblauwe, S. Gillies",,,-2.33762363955,55.0123397117
,,A place from the TAVO Index,settlement,,"300354624",,,,55.0123397117,,-2.3376236396,MMELEAROE1OLOM,,,NiÄde,f98c18bf55ca952bd5ef9b8d9930581b,"0",2000.0000000000,-1750.0000000000,"170515",,,,,,"Siewert-Mayer, B., W. RÃ¶llig, H. Kopp, E. Kansa, F. Deblauwe, S. Gillies",,,-2.33762363955,55.0123397117
2009-10-30T22:35:21Z,A.S. Esmonde Cleary,"An ancient place, cited: BAtlas 8 H2 âCamboricoâ?",settlement,Lackford,"79369",precise,2012-10-20T21:30:16Z,/places/79369,52.3037000000,"52.303700,0.623598",0.6235980000,RL,"roman,late-antique","-30.0,640.0",Camboricoâ?,0be114f45ad198af98399ec66bfcad92,"0",640.0000000000,-30.0000000000,"139577",,,"dare:ancient=1, dare:feature=settlement, dare:major=0","79369",settlement,"Esmonde Cleary, A., R. Warner, T. Elliott, R. Talbert, S. Gillies",,,0.623598,52.3037
2009-10-30T22:36:35Z,A.S. Esmonde Cleary,"An ancient place, cited: BAtlas 8 G2 Duston",settlement,Duston,"79441",precise,2012-10-20T21:31:26Z,/places/79441,52.2531240000,"52.253124,-0.953496",-0.9534960000,RL,"roman,late-antique","-30.0,640.0",Duston,3d04a91281d8326233bd3e6ba9aa0877,"0",640.0000000000,-30.0000000000,"140908",,,"dare:major=0, dare:feature=settlement, dare:ancient=0","79441",settlement,"Esmonde Cleary, A., R. Warner, T. Elliott, R. Talbert, S. Gillies",,,-0.953496,52.253124
2009-10-30T22:34:10Z,A.S. Esmonde Cleary,"An ancient place, cited: BAtlas 8 G2 Ancaster",settlement,Ancaster,"79292",precise,2012-10-20T21:29:12Z,/places/79292,52.9827010000,"52.982701,-0.536014",-0.5360140000,RL,"roman,late-antique","-30.0,640.0",Ancaster,a2c5850c280d858293c0285c98e2f84a,"0",640.0000000000,-30.0000000000,"140484",,,"dare:major=0, dare:ancient=0, dare:feature=settlement","79292",settlement,"Esmonde Cleary, A., DARMC, R. Talbert, R. Warner, J. Becker, S. Gillies, T. Elliott","203193875","203193875",-0.536014,52.982701
2009-10-30T22:41:19Z,A.S. Esmonde Cleary,"An ancient place, cited: BAtlas 8 G3 Verulamium",settlement,St. Albans,"79739",precise,2012-10-23T15:38:20Z,/places/79739,51.7520276421,"51.752028,-0.358468",-0.3584681713,RL,"roman,late-antique","-30.0,640.0",Verulamium,608f76ae0388146f9c9fe88f494c86e1,"0",640.0000000000,-30.0000000000,"139596",,,"dare:ancient=1, dare:major=1, dare:feature=major settlement","79739",settlement,"Esmonde Cleary, A., DARMC, R. Talbert, R. Warner, J. Becker, N. Darbyshire, S. Vanderbilt, S. Gillies, T. Elliott","491855883","491855883",-0.358468171293,51.7520276421
2009-10-30T22:41:53Z,A.S. Esmonde Cleary,"An ancient place, cited: BAtlas 8 F3 Wycomb",settlement,Wycomb,"79772",precise,2012-10-20T21:37:09Z,/places/79772,51.8845370000,"51.884537,-1.931548",-1.9315480000,RL,"roman,late-antique","-30.0,640.0",Wycomb,60ca385580ba177171453811e335e269,"0",640.0000000000,-30.0000000000,"139598",,,"dare:major=0, dare:feature=settlement, dare:ancient=0","79772",settlement,"Esmonde Cleary, A., R. Warner, T. Elliott, R. Talbert, S. Gillies",,,-1.931548,51.884537
2009-10-30T22:35:22Z,A.S. Esmonde Cleary,Site of a small Romano-British town,settlement,Camerton,"79370",precise,2012-10-20T21:30:17Z,/places/79370,51.3119535000,"51.318827,-2.459085",-2.4546475000,RRL,"roman,late-antique","-30.0,640.0",Camerton,c5b693ed764b599169020f07f948f591,"0",640.0000000000,-30.0000000000,"139578",,,"dare:major=0, dare:ancient=0, dare:feature=settlement","79370",settlement,"Esmonde Cleary, A., DARMC, R. Talbert, R. Warner, S. Vanderbilt, S. Gillies, T. Elliott",,,-2.4546475,51.3119535
2009-10-30T22:37:07Z,A.S. Esmonde Cleary,"An ancient place, cited: BAtlas 8 E3 Gatcombe",settlement,Gatcombe,"79477",precise,2012-10-20T21:31:51Z,/places/79477,51.4371670000,"51.437167,-2.676230",-2.6762300000,RL,"roman,late-antique","-30.0,640.0",Gatcombe,49decc6f58f5f300a8d7552f94c35800,"0",640.0000000000,-30.0000000000,"159548",,,"dare:major=0, dare:feature=settlement, dare:ancient=0","79477",settlement,"Esmonde Cleary, A., R. Warner, T. Elliott, R. Talbert, S. Gillies",,,-2.67623,51.437167
2009-11-02T09:54:17Z,A.S. Esmonde Cleary,"An ancient place, cited: BAtlas 9 F7 Calcaria",settlement,Tadcaster,"89131",precise,2012-10-20T23:59:57Z,/places/89131,53.8830850000,"53.883085,-1.263805",-1.2638050000,R,roman,"-30.0,300.0",Calcaria,320273c46dcf72fa4c5ab5a00c838976,"0",300.0000000000,-30.0000000000,"140372",,,"dare:ancient=1, dare:feature=settlement, dare:major=0","89131",settlement,"Esmonde Cleary, A., R. Warner, T. Elliott, R. Talbert, S. Gillies",,,-1.263805,53.883085
2009-10-30T22:37:50Z,A.S. Esmonde Cleary,"An ancient place, cited: BAtlas 8 G2 Irchester",settlement,Irchester,"79530",precise,2012-10-20T21:32:55Z,/places/79530,52.2820900000,"52.282090,-0.644046",-0.6440460000,RL,"roman,late-antique","-30.0,640.0",Irchester,344a4874c96226c13971207c471ba8bf,"0",640.0000000000,-30.0000000000,"141886",,,"dare:major=0, dare:feature=settlement, dare:ancient=0","79530",settlement,"Esmonde Cleary, A., R. Warner, T. Elliott, R. Talbert, S. Gillies",,,-0.644046,52.28209
2009-10-30T22:39:34Z,A.S. Esmonde Cleary,"An ancient place, cited: BAtlas 8 E2 Pennocrucium",settlement,Penkridge,"79638",precise,2012-10-20T21:35:32Z,/places/79638,52.7238900000,"52.723890,-2.115899",-2.1158990000,RL,"roman,late-antique","-30.0,640.0",Pennocrucium,acdcc651657a2b40d38f65a24e0d0c6f,"0",640.0000000000,-30.0000000000,"142409",,,"dare:ancient=1, dare:feature=settlement, dare:major=0","79638",settlement,"Esmonde Cleary, A., DARMC, R. Talbert, R. Warner, J. Becker, S. Gillies, T. Elliott",,"491855883",-2.115899,52.72389
2009-10-30T22:41:20Z,A.S. Esmonde Cleary,"An ancient place, cited: BAtlas 8 E4 Vindocladia",settlement,Badbury,"79740",precise,2012-10-20T21:36:44Z,/places/79740,50.8263940000,"50.826394,-2.052510",-2.0525100000,RL,"roman,late-antique","-30.0,640.0",Vindocladia,5e8053f630829c7d565a8b0cd38bcd18,"0",640.0000000000,-30.0000000000,"142816",,,"dare:ancient=1, dare:feature=settlement, dare:major=0","79740",settlement,"Esmonde Cleary, A., R. Warner, T. Elliott, R. Talbert, S. Gillies",,,-2.05251,50.826394
2009-10-30T22:34:24Z,A.S. Esmonde Cleary,"An ancient place, cited: BAtlas 8 F3 Asthall",settlement,Asthall,"79305",precise,2012-10-20T21:29:25Z,/places/79305,51.7981770000,"51.798177,-1.584227",-1.5842270000,RL,"roman,late-antique","-30.0,640.0",Asthall,7cdbd4d99377f7d9ca17263ec9f2d889,"0",640.0000000000,-30.0000000000,"140972",,,"dare:major=0, dare:feature=settlement, dare:ancient=0","79305",settlement,"Esmonde Cleary, A., R. Warner, T. Elliott, R. Talbert, S. Gillies",,,-1.584227,51.798177
,,A place from the TAVO Index,settlement,,"831377670",,,,55.0123397117,,-2.3376236396,LNHRLLCM,,,r Ê¿AbdÄ«n,d966285978d751a2250f222c6dbdd47c,"0",2000.0000000000,-1600.0000000000,"170505",,,,,,"Siewert-Mayer, B., W. RÃ¶llig, H. Kopp, E. Kansa, F. Deblauwe, S. Gillies",,,-2.33762363955,55.0123397117
,,A place from the TAVO Index,settlement,,"534964140",,,,55.0123397117,,-2.3376236396,CMEAHHERCC1IMOE1OLKM,,,Gaziantep,aeede3763287b25abef5d3419653aaa9,"0",2000.0000000000,-6200.0000000000,"170511",,,,,,"Siewert-Mayer, B., W. RÃ¶llig, H. Kopp, E. Kansa, F. Deblauwe, S. Gillies",,,-2.33762363955,55.0123397117
2009-10-30T22:41:17Z,A.S. Esmonde Cleary,"An ancient place, cited: BAtlas 8 E2 Vertis?",settlement,Worcester,"79738",precise,2012-10-20T21:36:42Z,/places/79738,52.1919890000,"52.191989,-2.223627",-2.2236270000,RL,"roman,late-antique","-30.0,640.0",Vertis?,eb29df5f165a569a703d4fc0ed78f795,"0",640.0000000000,-30.0000000000,"143884",,,"dare:ancient=1, dare:feature=settlement, dare:major=0","79738",settlement,"Esmonde Cleary, A., R. Warner, T. Elliott, R. Talbert, S. Gillies",,,-2.223627,52.191989
2009-10-30T22:36:26Z,A.S. Esmonde Cleary,Durocobrivis (Dunstable) was a Romano-British station along Watling Street.,settlement,Dunstable,"79434",precise,2012-10-20T21:31:18Z,/places/79434,51.8784300000,"51.883025,-0.528644",-0.5341630000,RL,"roman,late-antique","-30.0,640.0",Durocobrivis,9925b84159eacddbd02f2379a3ea6e30,"0",640.0000000000,-30.0000000000,"165496",,,"dare:ancient=1, dare:feature=settlement, dare:major=0","79434",settlement,"Esmonde Cleary, A., DARMC, R. Talbert, R. Warner, J. Ãhlfeldt, J. Becker, S. Gillies, T. Elliott",,"491855883",-0.534163,51.87843
2009-10-30T22:37:16Z,A.S. Esmonde Cleary,"An ancient place, cited: BAtlas 8 H3 Great Dunmow",settlement,Great Dunmow,"79489",precise,2012-10-20T21:31:58Z,/places/79489,51.8716980000,"51.871698,0.363357",0.3633570000,RL,"roman,late-antique","-30.0,640.0",Great Dunmow,f51037211822588a5deafc0c31171ba9,"0",640.0000000000,-30.0000000000,"143871",,,"dare:major=0, dare:feature=settlement, dare:ancient=0","79489",settlement,"Esmonde Cleary, A., R. Warner, T. Elliott, R. Talbert, S. Gillies",,,0.363357,51.871698
2009-10-30T22:38:38Z,A.S. Esmonde Cleary,"An ancient place, cited: BAtlas 8 F2 Lower Lea",settlement,Lower Lea,"79580",precise,2012-10-20T21:33:58Z,/places/79580,52.0427770000,"52.042777,-1.433485",-1.4334850000,RL,"roman,late-antique","-30.0,640.0",Lower Lea,52c99b6d260fdac356591470ee78c01a,"0",640.0000000000,-30.0000000000,"143679",,,"dare:major=0, dare:feature=settlement, dare:ancient=0","79580",settlement,"Esmonde Cleary, A., R. Warner, T. Elliott, R. Talbert, S. Gillies",,,-1.433485,52.042777
2009-10-30T22:38:54Z,A.S. Esmonde Cleary,"An ancient place, cited: BAtlas 8 G2 Medbourne",settlement,Medbourne,"79596",precise,2012-10-20T21:34:59Z,/places/79596,52.5291580000,"52.529158,-0.822401",-0.8224010000,RL,"roman,late-antique","-30.0,640.0",Medbourne,77433131159a7f6806d35b071550bef1,"0",640.0000000000,-30.0000000000,"165603",,,"dare:major=0, dare:feature=settlement, dare:ancient=0","79596",settlement,"Esmonde Cleary, A., R. Warner, T. Elliott, R. Talbert, S. Gillies",,,-0.822401,52.529158
2009-10-30T22:40:03Z,A.S. Esmonde Cleary,"An ancient place, cited: BAtlas 8 E1 Salinae",settlement,Middlewich,"79667",precise,2012-10-20T21:35:56Z,/places/79667,53.1987940000,"53.198794,-2.447117",-2.4471170000,RL,"roman,late-antique","-30.0,640.0",Salinae,7e8852046e4770a61d3ef6e6b74115d9,"0",640.0000000000,-30.0000000000,"145285",,,"dare:ancient=1, dare:feature=settlement, dare:major=0","79667",settlement,"Esmonde Cleary, A., R. Talbert, R. Warner, J. Ãhlfeldt, S. Gillies, T. Elliott",,,-2.447117,53.198794
,,"The Barnhouse Settlement is a Neolithic village of approximately 15 houses located adjacent to the Loch of Harray, Orkney Mainland, Scotland.",settlement,,"203544460",,,,58.9957834000,,-3.2067140000,"32",,,Barnhouse Settlement,25665f6330bb583fc24ba15f9321124e,"0",-1000.0000000000,-3000.0000000000,"170482",,,,,,"Becker, J.",,"89261",-3.206714,58.9957834
2009-10-30T22:33:59Z,A.S. Esmonde Cleary,"An ancient place, cited: BAtlas 8 E3 âAboneâ",settlement,Sea Mills,"79280",precise,2012-10-20T21:29:01Z,/places/79280,51.4921060000,"51.492106,-2.655028",-2.6550280000,RL,"roman,late-antique","-30.0,640.0",Aboneâ,f6d08c53195614ea09ee6b6851093f5b,"0",640.0000000000,-30.0000000000,"165578",,,"dare:ancient=1, dare:feature=settlement, dare:major=0","79280",settlement,"Esmonde Cleary, A., R. Warner, T. Elliott, R. Talbert, S. Gillies",,,-2.655028,51.492106
2009-10-30T22:34:47Z,A.S. Esmonde Cleary,"An ancient place, cited: BAtlas 8 E2 Blackwardine",settlement,Blackwardine,"79332",precise,2012-10-20T21:29:41Z,/places/79332,52.2038020000,"52.203802,-2.690621",-2.6906210000,RL,"roman,late-antique","-30.0,640.0",Blackwardine,1455185aa6240c7a977d6367d6a9da10,"0",640.0000000000,-30.0000000000,"146118",,,"dare:major=0, dare:feature=settlement, dare:ancient=0","79332",settlement,"Esmonde Cleary, A., R. Warner, T. Elliott, R. Talbert, S. Gillies",,,-2.690621,52.203802
,,A place from the TAVO Index,settlement,,"944396035",,,,55.0123397117,,-2.3376236396,M,,,Bey DaÄlarÄ±,1293ac3590f3083c04765e84e3b71b88,"0",2000.0000000000,1918.0000000000,"170500",,,,,,"Siewert-Mayer, B., W. RÃ¶llig, H. Kopp, E. Kansa, F. Deblauwe, S. Gillies",,,-2.33762363955,55.0123397117
2009-11-02T09:57:09Z,A.S. Esmonde Cleary,"An ancient place, cited: BAtlas 9 G7 Shiptonthorpe",settlement,Shiptonthorpe,"89290",precise,2012-10-21T00:01:15Z,/places/89290,53.8769960000,"53.876996,-0.705018",-0.7050180000,RL,"roman,late-antique","-30.0,640.0",Shiptonthorpe,eb32eeae6761edebc38fe87ceab24864,"0",640.0000000000,-30.0000000000,"146867",,,"dare:major=0, dare:feature=settlement, dare:ancient=0","89290",settlement,"Esmonde Cleary, A., R. Warner, T. Elliott, R. Talbert, S. Gillies",,,-0.705018,53.876996
2009-11-02T09:55:18Z,A.S. Esmonde Cleary,"An ancient place, cited: BAtlas 9 A5 Feigh Mountain",settlement,"Feigh Mountain, near Ballycastle","89183",precise,2012-10-21T00:00:28Z,/places/89183,55.2266320000,"55.226632,-6.434613",-6.4346130000,R,roman,"-30.0,300.0",Feigh Mountain,6bbf0e0fda72ee8337741ab04557d0cc,"0",300.0000000000,-30.0000000000,"146854",,,"dare:major=0, dare:feature=settlement, dare:ancient=0","89183",settlement,"Esmonde Cleary, A., R. Warner, T. Elliott, R. Talbert, S. Gillies",,,-6.434613,55.226632
2009-10-30T22:41:36Z,A.S. Esmonde Cleary,"Romano-British settlement of Easton Grey in Wiltshire, situated on the Foss Way. Referred to in some earlier sources as 'White Walls'.",settlement,White Walls,"79757",precise,2012-10-20T21:36:56Z,/places/79757,51.5864485000,"51.588007,-2.172997",-2.1665585000,RLM,"roman,late-antique","-30.0,640.0",Easton Grey,0896a761b2c72d36bf6e2ec8adfacbce,"0",2100.0000000000,-30.0000000000,"147911",,,"dare:major=0, dare:ancient=0, dare:feature=settlement","79757",settlement,"Esmonde Cleary, A., DARMC, R. Talbert, R. Warner, S. Vanderbilt, S. Gillies, T. Elliott",,,-2.1665585,51.5864485
2009-10-30T22:40:08Z,A.S. Esmonde Cleary,"An ancient place, cited: BAtlas 8 G2 Sapperton",settlement,Sapperton,"79672",precise,2012-10-20T21:35:58Z,/places/79672,52.8929930000,"52.892993,-0.484395",-0.4843950000,RL,"roman,late-antique","-30.0,640.0",Sapperton,263b871884906251708fecd5613fecb4,"0",640.0000000000,-30.0000000000,"147907",,,"dare:major=0, dare:feature=settlement, dare:ancient=0","79672",settlement,"Esmonde Cleary, A., R. Warner, T. Elliott, R. Talbert, S. Gillies",,,-0.484395,52.892993
2009-10-30T22:34:08Z,A.S. Esmonde Cleary,"An ancient place, cited: BAtlas 8 G3 Alfoldean",settlement,Alfoldean,"79290",precise,2012-10-20T21:29:11Z,/places/79290,51.0858220000,"51.085822,-0.405216",-0.4052160000,RL,"roman,late-antique","-30.0,640.0",Alfoldean,d8aeb67c1bcd0510e3de4f8e00dd0962,"0",640.0000000000,-30.0000000000,"147884",,,"dare:major=0, dare:feature=settlement, dare:ancient=0","79290",settlement,"Esmonde Cleary, A., R. Warner, T. Elliott, R. Talbert, S. Gillies",,,-0.405216,51.085822
2009-10-30T22:41:43Z,A.S. Esmonde Cleary,"An ancient place, cited: BAtlas 8 G2 Wimpole Lodge",settlement,Wimpole Lodge,"79764",precise,2012-10-20T21:37:01Z,/places/79764,52.1410530000,"52.141053,-0.045918",-0.0459180000,RL,"roman,late-antique","-30.0,640.0",Wimpole Lodge,e43b1f15564aac00963655e0f56b2896,"0",640.0000000000,-30.0000000000,"149040",,,"dare:major=0, dare:feature=settlement, dare:ancient=0","79764",settlement,"Esmonde Cleary, A., R. Warner, T. Elliott, R. Talbert, S. Gillies",,,-0.045918,52.141053
2009-10-30T22:38:34Z,A.S. Esmonde Cleary,"An ancient place, cited: BAtlas 8 H2 Long Melford",settlement,Long Melford,"79576",precise,2012-10-20T21:33:37Z,/places/79576,52.0873330000,"52.087333,0.720731",0.7207310000,RL,"roman,late-antique","-30.0,640.0",Long Melford,8d804ffed4516d43683236f7bf1706f3,"0",640.0000000000,-30.0000000000,"147896",,,"dare:major=0, dare:feature=settlement, dare:ancient=0","79576",settlement,"Esmonde Cleary, A., R. Warner, T. Elliott, R. Talbert, S. Gillies",,,0.720731,52.087333
2009-10-30T22:37:58Z,A.S. Esmonde Cleary,"An ancient place, cited: BAtlas 8 H2 Ixworth",settlement,Ixworth,"79538",precise,2012-10-20T21:33:01Z,/places/79538,52.2977060000,"52.297706,0.831819",0.8318190000,RL,"roman,late-antique","-30.0,640.0",Ixworth,ca9c155e1eded0ab4a10b82d4364a2c2,"0",640.0000000000,-30.0000000000,"147895",,,"dare:major=0, dare:feature=settlement, dare:ancient=0","79538",settlement,"Esmonde Cleary, A., R. Warner, T. Elliott, R. Talbert, S. Gillies",,,0.831819,52.297706
2009-10-30T22:40:25Z,A.S. Esmonde Cleary,"Sorviodunum (Old Sarum) is the site of pre-Roman habitation in Salisbury, England, where occupation began as early as 3000 BC.",settlement,Old Sarum,"79688",precise,2012-10-20T21:36:06Z,/places/79688,51.0931010000,"51.093101,-1.804765",-1.8047650000,32IRLM,"roman,late-antique","-30.0,640.0",Sorviodunum,8c7bd589cacc00bcef094a277bf84766,"0",1453.0000000000,-3000.0000000000,"147908",,,"dare:ancient=1, dare:feature=settlement, dare:major=0","79688",settlement,"Esmonde Cleary, A., DARMC, R. Talbert, R. Warner, J. Becker, S. Gillies, T. Elliott",,,-1.804765,51.093101
2009-10-30T22:41:16Z,A.S. Esmonde Cleary,"An ancient place, cited: BAtlas 8 F2 âVernemetoâ",settlement,Willoughby,"79737",precise,2012-10-20T21:36:42Z,/places/79737,52.8215830000,"52.821583,-1.055900",-1.0559000000,RL,"roman,late-antique","-30.0,640.0",Vernemetoâ,6a567fb8bc2c4db22ffe063e83c40496,"0",640.0000000000,-30.0000000000,"150022",,,"dare:ancient=1, dare:feature=settlement, dare:major=0","79737",settlement,"Esmonde Cleary, A., R. Warner, T. Elliott, R. Talbert, S. Gillies",,,-1.0559,52.821583
2009-10-30T22:40:19Z,A.S. Esmonde Cleary,"An ancient place, cited: BAtlas 8 E3 Shepton Mallet",settlement,Shepton Mallet,"79682",precise,2012-10-20T21:36:04Z,/places/79682,51.1897420000,"51.189742,-2.547347",-2.5473470000,RL,"roman,late-antique","-30.0,640.0",Shepton Mallet,fa77cf7f4f05f5b12c352aff2ed9c1cc,"0",640.0000000000,-30.0000000000,"150020",,,"dare:major=0, dare:feature=settlement, dare:ancient=0","79682",settlement,"Esmonde Cleary, A., R. Warner, T. Elliott, R. Talbert, S. Gillies",,,-2.547347,51.189742
2009-10-30T22:41:01Z,A.S. Esmonde Cleary,"An ancient place, cited: BAtlas 8 F2 âTripontioâ",settlement,Caveâs Inn,"79722",precise,2012-10-20T21:36:28Z,/places/79722,52.4071570000,"52.407157,-1.214105",-1.2141050000,RL,"roman,late-antique","-30.0,640.0",Tripontioâ,37efbc1a3f7c2fe67264dfb3d0fc4e98,"0",640.0000000000,-30.0000000000,"150021",,,"dare:ancient=1, dare:feature=settlement, dare:major=0","79722",settlement,"Esmonde Cleary, A., R. Warner, T. Elliott, R. Talbert, S. Gillies",,,-1.214105,52.407157
2009-10-30T22:35:04Z,A.S. Esmonde Cleary,"An ancient place, cited: BAtlas 8 H3 Braughing",settlement,Braughing,"79349",precise,2012-10-20T21:29:56Z,/places/79349,51.9064200000,"51.906420,0.027061",0.0270610000,RL,"roman,late-antique","-30.0,640.0",Braughing,b769350e9242da76d6449a5dabe8ccee,"0",640.0000000000,-30.0000000000,"150002",,,"dare:major=0, dare:feature=settlement, dare:ancient=0","79349",settlement,"Esmonde Cleary, A., R. Warner, T. Elliott, R. Talbert, S. Gillies",,,0.027061,51.90642
2009-10-30T22:36:30Z,A.S. Esmonde Cleary,"An ancient place, cited: BAtlas 8 H3 Durolitum",settlement,Chigwell,"79437",precise,2012-10-20T21:31:23Z,/places/79437,51.5584480000,"51.558448,-0.006928",-0.0069280000,RL,"roman,late-antique","-30.0,640.0",Durolitum,bad5183c7a2a1bda18df78bef41d3b68,"0",640.0000000000,-30.0000000000,"150004",,,"dare:ancient=1, dare:feature=settlement, dare:major=0","79437",settlement,"Esmonde Cleary, A., R. Warner, T. Elliott, R. Talbert, S. Gillies",,,-0.006928,51.558448
2009-10-30T22:38:45Z,A.S. Esmonde Cleary,"An ancient place, cited: BAtlas 8 E2 Magnis",settlement,Kenchester,"79587",precise,2012-10-20T21:34:44Z,/places/79587,52.0811535000,"52.081154,-2.819973",-2.8199730000,RL,"roman,late-antique","-30.0,640.0",Magnis,3296822b943ed74cbdcd507573485171,"0",640.0000000000,-30.0000000000,"166817",,,"dare:ancient=1, dare:feature=settlement, dare:major=0","79587",settlement,"Esmonde Cleary, A., DARMC, R. Talbert, R. Warner, J. Ãhlfeldt, S. Gillies, T. Elliott",,,-2.819973,52.0811535
2009-10-30T22:36:28Z,A.S. Esmonde Cleary,"Durocornovium (Wanborough, Wiltshire) was a vicus on the Ermine Street.",settlement,Wanborough,"79435",precise,2012-10-20T21:31:21Z,/places/79435,51.5653420000,"51.553996,-1.709195",-1.7200720000,RL,"roman,late-antique","-30.0,640.0",Durocornovium,4e33d274cc08e75142ce455dc1bc5fd2,"0",640.0000000000,-30.0000000000,"151445",,,"dare:ancient=1, dare:feature=settlement, dare:major=0","79435",settlement,"Esmonde Cleary, A., DARMC, R. Talbert, R. Warner, J. Ãhlfeldt, J. Becker, S. Gillies, T. Elliott",,"203193875",-1.720072,51.565342
2009-10-30T22:36:29Z,A.S. Esmonde Cleary,"An ancient place, cited: BAtlas 8 H2 Duroliponte",settlement,Cambridge,"79436",precise,2012-10-20T21:31:23Z,/places/79436,52.2075275000,"52.207527,0.122701",0.1227015000,RL,"roman,late-antique","-30.0,640.0",Duroliponte,26e56d69ac54168c3e48902de6cbc2c3,"0",640.0000000000,-30.0000000000,"160259",,,"dare:ancient=1, dare:feature=settlement, dare:major=0","79436",settlement,"Esmonde Cleary, A., DARMC, R. Talbert, R. Warner, J. Ãhlfeldt, S. Gillies, T. Elliott",,,0.1227015,52.2075275
2009-10-30T22:38:44Z,A.S. Esmonde Cleary,"An ancient place, cited: BAtlas 8 G3 Magiovinium",settlement,Dropshort,"79586",precise,2012-10-20T21:34:34Z,/places/79586,51.9986230000,"51.998623,-0.716167",-0.7161670000,RL,"roman,late-antique","-30.0,640.0",Magiovinium,fcefc39def979d8e6356dc0181ff291d,"0",640.0000000000,-30.0000000000,"151451",,,"dare:ancient=1, dare:feature=settlement, dare:major=0","79586",settlement,"Esmonde Cleary, A., R. Warner, T. Elliott, R. Talbert, S. Gillies",,,-0.716167,51.998623
2009-10-30T22:39:59Z,A.S. Esmonde Cleary,"An ancient place, cited: BAtlas 8 E2 Rutunium?",settlement,Harcourt Mill,"79663",precise,2012-10-20T21:35:51Z,/places/79663,52.8460090000,"52.846009,-2.645845",-2.6458450000,RL,"roman,late-antique","-30.0,640.0",Rutunium?,769368aa7ea412c1e25880418c6fbf11,"0",640.0000000000,-30.0000000000,"151458",,,"dare:ancient=1, dare:feature=settlement, dare:major=0","79663",settlement,"Esmonde Cleary, A., R. Warner, T. Elliott, R. Talbert, S. Gillies",,,-2.645845,52.846009
2009-10-30T22:37:35Z,A.S. Esmonde Cleary,"An ancient place, cited: BAtlas 8 G1 Hibaldstow",settlement,Hibaldstow,"79510",precise,2012-10-20T21:32:16Z,/places/79510,53.5101800000,"53.510180,-0.527274",-0.5272740000,RL,"roman,late-antique","-30.0,640.0",Hibaldstow,743e14bf7993e9892f60f6afd0411164,"0",640.0000000000,-30.0000000000,"160260",,,"dare:major=0, dare:feature=settlement, dare:ancient=0","79510",settlement,"Esmonde Cleary, A., R. Warner, T. Elliott, R. Talbert, S. Gillies",,,-0.527274,53.51018
2009-10-30T22:38:56Z,A.S. Esmonde Cleary,"An ancient place, cited: BAtlas 8 E2 Mediolanum",settlement,Whitchurch,"79597",precise,2012-10-20T21:35:01Z,/places/79597,52.9670000000,"52.967000,-2.681000",-2.6810000000,RL,"roman,late-antique","-30.0,640.0",Mediolanum,19c9f7d800d9ef0e76a2205bcfeaac4c,"0",640.0000000000,-30.0000000000,"151453",,,"dare:ancient=1, dare:feature=settlement, dare:major=0","79597",settlement,"Esmonde Cleary, A., R. Talbert, R. Warner, J. Ãhlfeldt, S. Gillies, T. Elliott",,,-2.681,52.967
2009-10-30T22:40:33Z,A.S. Esmonde Cleary,"An ancient place, cited: BAtlas 8 H2 Stonea",settlement,Stonea,"79696",precise,2012-10-20T21:36:13Z,/places/79696,52.5035810000,"52.503581,0.130381",0.1303810000,RL,"roman,late-antique","-30.0,640.0",Stonea,408e3f379dc3f9fa2d57ead9d2a60629,"0",640.0000000000,-30.0000000000,"151461",,,"dare:major=0, dare:feature=settlement, dare:ancient=0","79696",settlement,"Esmonde Cleary, A., R. Warner, T. Elliott, R. Talbert, S. Gillies",,,0.130381,52.503581
2009-10-30T22:41:15Z,A.S. Esmonde Cleary,"An ancient place, cited: BAtlas 8 E3 Verlucio",settlement,Sandy Lane,"79736",precise,2012-10-20T21:36:40Z,/places/79736,51.4116920000,"51.411692,-2.052027",-2.0520270000,RL,"roman,late-antique","-30.0,640.0",Verlucio,551b2dc0cca26c4e374252dfe16299d2,"0",640.0000000000,-30.0000000000,"151462",,,"dare:ancient=1, dare:feature=settlement, dare:major=0","79736",settlement,"Esmonde Cleary, A., R. Warner, T. Elliott, R. Talbert, S. Gillies",,,-2.052027,51.411692
,,A place from the TAVO Index,settlement,,"816619467",,,,55.0123397117,,-2.3376236396,UEOLN,,,MaÌri,fa1d1843b6b7707278a0adbcace416f1,"0",-540.0000000000,-5500.0000000000,"170504",,,,,,"Siewert-Mayer, B., W. RÃ¶llig, H. Kopp, E. Kansa, F. Deblauwe, S. Gillies",,,-2.33762363955,55.0123397117
,,"Skara Brae is a stone-built Neolithic settlement located on the west coast of Mainland, the largest island in the Orkney archipelago. Comprised of eight clustered houses, the village was occupied from roughly 3180 to 2500 BC.",settlement,,"80606012",,,,59.0487515000,,-3.3416455000,"43",,,Skara Brae,3dd90f9c8b10d428f66d4a29f758a4da,"0",-2000.0000000000,-4000.0000000000,"170525",,,UWHS,,,"Becker, J.",,"89261",-3.3416455,59.0487515
,,A place from the TAVO Index,settlement,,"282851781",,,,55.0123397117,,-2.3376236396,A,,,DiyÄlÄ Survey,161aeb6ae3554776e366362e2411d6fe,"0",-2000.0000000000,-2335.0000000000,"170508",,,,,,"Siewert-Mayer, B., W. RÃ¶llig, H. Kopp, E. Kansa, F. Deblauwe, S. Gillies",,,-2.33762363955,55.0123397117
2009-10-30T22:39:36Z,A.S. Esmonde Cleary,"An ancient place, cited: BAtlas 8 G1 *Petuaria",settlement,Brough-on-Humber,"79639",precise,2012-10-20T21:35:33Z,/places/79639,53.6876890000,"53.687689,-0.590560",-0.5905600000,RL,"roman,late-antique","-30.0,640.0",*Petuaria,6200a33d1167eafbbffdf587ea2e84b4,"0",640.0000000000,-30.0000000000,"153946",,,"dare:ancient=1, dare:feature=settlement, dare:major=0","79639",settlement,"Esmonde Cleary, A., DARMC, R. Talbert, R. Warner, J. Becker, S. Gillies, T. Elliott","203193875","203193875",-0.59056,53.687689
2009-10-30T22:41:42Z,A.S. Esmonde Cleary,"An ancient place, cited: BAtlas 8 E1 Wilderspool",settlement,Wilderspool,"79763",precise,2012-10-20T21:37:00Z,/places/79763,53.3727670000,"53.372767,-2.603226",-2.6032260000,RL,"roman,late-antique","-30.0,640.0",Wilderspool,f97ddb8a9f171bbe7a765edb3064d219,"0",640.0000000000,-30.0000000000,"153953",,,"dare:major=0, dare:feature=settlement, dare:ancient=0","79763",settlement,"Esmonde Cleary, A., R. Warner, T. Elliott, R. Talbert, S. Gillies",,,-2.603226,53.372767
2009-10-30T22:34:53Z,A.S. Esmonde Cleary,"An ancient place, cited: BAtlas 8 F3 Bourton-on-the-Water",settlement,Bourton-on-the-Water,"79339",precise,2012-10-20T21:29:47Z,/places/79339,51.8848320000,"51.884832,-1.757991",-1.7579910000,RL,"roman,late-antique","-30.0,640.0",Bourton-on-the-Water,db3327ea819b5ce7630ece8d139548b6,"0",640.0000000000,-30.0000000000,"153927",,,"dare:major=0, dare:ancient=0, dare:feature=settlement","79339",settlement,"Esmonde Cleary, A., DARMC, R. Talbert, R. Warner, J. Becker, S. Gillies, T. Elliott",,"973041325",-1.757991,51.884832
2009-10-30T22:36:16Z,A.S. Esmonde Cleary,"Dorchester-on-Thames was the site of a Roman vicus, although its name is no longer known.",settlement,Dorchester-on-Thames,"79424",precise,2012-10-20T21:31:03Z,/places/79424,51.6445650000,"51.644565,-1.166099",-1.1660990000,RL,"roman,late-antique","-30.0,640.0",Dorchester-on-Thames,3c997f4333ec53e369986ca667e004a8,"0",640.0000000000,-30.0000000000,"160403",,,"dare:major=0, dare:ancient=0, dare:feature=settlement","79424",settlement,"Esmonde Cleary, A., DARMC, R. Talbert, R. Warner, J. Becker, S. Gillies, T. Elliott",,"79705",-1.166099,51.644565
2009-10-30T22:37:49Z,A.S. Esmonde Cleary,"An ancient place, cited: BAtlas 8 G3 Iping",settlement,Iping,"79529",precise,2012-10-20T21:32:54Z,/places/79529,50.9985040000,"50.998504,-0.785911",-0.7859110000,RL,"roman,late-antique","-30.0,640.0",Iping,29eb35e40d4411615e2cf6d83bdc7a42,"0",640.0000000000,-30.0000000000,"153937",,,"dare:major=0, dare:feature=settlement, dare:ancient=0","79529",settlement,"Esmonde Cleary, A., R. Warner, T. Elliott, R. Talbert, S. Gillies",,,-0.785911,50.998504
2009-10-30T22:38:05Z,A.S. Esmonde Cleary,"An ancient place, cited: BAtlas 8 E3 Kingscote",settlement,Kingscote,"79547",precise,2012-10-20T21:33:08Z,/places/79547,51.6652030000,"51.665203,-2.266015",-2.2660150000,RL,"roman,late-antique","-30.0,640.0",Kingscote,549f744f5010a4bbbbe9a935fa177ffb,"0",640.0000000000,-30.0000000000,"153939",,,"dare:major=0, dare:feature=settlement, dare:ancient=0","79547",settlement,"Esmonde Cleary, A., R. Warner, T. Elliott, R. Talbert, S. Gillies",,,-2.266015,51.665203
2009-10-30T22:41:05Z,A.S. Esmonde Cleary,"An ancient place, cited: BAtlas 8 E2 Uxacona",settlement,Red Hill,"79727",precise,2012-10-20T21:36:32Z,/places/79727,52.6951600000,"52.695099,-2.407018",-2.4112100000,RL,"roman,late-antique","-30.0,640.0",Uxacona,8498fe5a50d929a0f10bcebb05809278,"0",640.0000000000,-30.0000000000,"153949",,,"dare:ancient=1, dare:feature=settlement, dare:major=0","79727",settlement,"Esmonde Cleary, A., DARMC, R. Talbert, R. Warner, J. Ãhlfeldt, J. Becker, S. Gillies, T. Elliott",,"491855883",-2.41121,52.69516
,,A place from the TAVO Index,settlement,,"735896020",,,,55.0123397117,,-2.3376236396,A,,,wÄn KisrÄ,cdaa0a685a47b30250e46d57a92a82b5,"0",940.0000000000,750.0000000000,"170501",,,,,,"Siewert-Mayer, B., W. RÃ¶llig, H. Kopp, E. Kansa, F. Deblauwe, S. Gillies",,,-2.33762363955,55.0123397117
2009-10-30T22:38:24Z,A.S. Esmonde Cleary,"An ancient place, cited: BAtlas 8 E4 Lindinis",settlement,Ilchester,"79565",precise,2012-10-20T21:33:28Z,/places/79565,51.0035930000,"51.002797,-2.684927",-2.6871370000,RL,"roman,late-antique","-30.0,640.0",Lindinis,cd2afc82dd210fb588ff903cc8ee3dd6,"0",640.0000000000,-30.0000000000,"153940",,,"dare:ancient=1, dare:feature=settlement, dare:major=0","79565",settlement,"Esmonde Cleary, A., DARMC, R. Talbert, R. Warner, J. Ãhlfeldt, J. Becker, S. Gillies, T. Elliott",,"656280677",-2.687137,51.003593
2009-11-02T09:54:31Z,A.S. Esmonde Cleary,"A small Roman town and fort, cited: BAtlas 9 F6 Cataractonium",settlement,Catterick,"89143",precise,2012-10-21T00:00:05Z,/places/89143,54.3871953968,"54.387195,-1.654710",-1.6547101467,RLM,"roman,late-antique,modern","-30.0,2100.0",Cataractonium,a18b943659f6f699f57816229858b868,"0",2100.0000000000,-30.0000000000,"166275",,,"dare:ancient=1, dare:feature=settlement, dare:major=0","89143",settlement,"Esmonde Cleary, A., DARMC, R. Talbert, R. Warner, S. Vanderbilt, S. Gillies, T. Elliott","82519025","82519025",-1.65471014672,54.3871953968
,,A place from the TAVO Index,settlement,,"944396034",,,,55.0123397117,,-2.3376236396,RRTLLPPCASESK1IMT1PSLM,,,MarÄÄ¡e,67d225d27c151d1d5060e3d2f7f912da,"0",2000.0000000000,-1200.0000000000,"170499",,,,,,"Siewert-Mayer, B., W. RÃ¶llig, H. Kopp, E. Kansa, F. Deblauwe, S. Gillies",,,-2.33762363955,55.0123397117
,,A place from the TAVO Index,settlement,,"300354626",,,,55.0123397117,,-2.3376236396,HLM,,,NawÄ,0a93719a3f7aada2bb8d2719519968bd,"0",2000.0000000000,-330.0000000000,"170517",,,,,,"Siewert-Mayer, B., W. RÃ¶llig, H. Kopp, E. Kansa, F. Deblauwe, S. Gillies",,,-2.33762363955,55.0123397117
,,A place from the TAVO Index,settlement,,"300354627",,,,55.0123397117,,-2.3376236396,EM,,,Areni,08500ae5dc5be148f5209e150948710c,"0",2000.0000000000,850.0000000000,"170518",,,,,,"Siewert-Mayer, B., W. RÃ¶llig, H. Kopp, E. Kansa, F. Deblauwe, S. Gillies",,,-2.33762363955,55.0123397117
